<?xml version="1.0" encoding="UTF-8"?>
<jcr:root xmlns:crx="http://www.day.com/crx/1.0" xmlns:jcr="http://www.jcp.org/jcr/1.0" xmlns:rep="internal"
    jcr:primaryType="rep:ACL">
    <deny
        jcr:primaryType="rep:DenyACE"
        rep:principalName="everyone"
        rep:privileges="{Name}[jcr:all]"/>
    <allow1
        jcr:primaryType="rep:GrantACE"
        rep:principalName="sling-tenant"
        rep:privileges="{Name}[jcr:write]"/>
    <allow2
        jcr:primaryType="rep:GrantACE"
        rep:principalName="version-manager-service"
        rep:privileges="{Name}[jcr:versionManagement,jcr:read,rep:write]"/>
    <allow3
        jcr:primaryType="rep:GrantACE"
        rep:principalName="wcm-workflow-service"
        rep:privileges="{Name}[jcr:read]"/>
    <allow4
        jcr:primaryType="rep:GrantACE"
        rep:principalName="repository-change-listener-service"
        rep:privileges="{Name}[jcr:read]"/>
    <allow5
        jcr:primaryType="rep:GrantACE"
        rep:principalName="compat-codeupgrade-service"
        rep:privileges="{Name}[jcr:versionManagement,jcr:modifyAccessControl,jcr:read,jcr:readAccessControl,rep:write]"/>
    <allow6
        jcr:primaryType="rep:GrantACE"
        rep:principalName="translation-preview-service"
        rep:privileges="{Name}[jcr:read]"/>
    <allow7
        jcr:primaryType="rep:GrantACE"
        rep:principalName="clientlibs-service"
        rep:privileges="{Name}[jcr:read]"/>
    <allow8
        jcr:primaryType="rep:GrantACE"
        rep:principalName="workflow-process-service"
        rep:privileges="{Name}[jcr:versionManagement,jcr:read,crx:replicate,rep:write,jcr:lockManagement]"/>
    <allow9
        jcr:primaryType="rep:GrantACE"
        rep:principalName="contributor"
        rep:privileges="{Name}[jcr:read]">
        <rep:restrictions
            jcr:primaryType="rep:Restrictions"
            rep:glob=""/>
    </allow9>
    <allow10
        jcr:primaryType="rep:GrantACE"
        rep:principalName="contributor"
        rep:privileges="{Name}[jcr:read]">
        <rep:restrictions
            jcr:primaryType="rep:Restrictions"
            rep:glob="/jcr:primaryType"/>
    </allow10>
    <allow11
        jcr:primaryType="rep:GrantACE"
        rep:principalName="reference-adjustment-service"
        rep:privileges="{Name}[jcr:read]"/>
    <allow12
        jcr:primaryType="rep:GrantACE"
        rep:principalName="reference-adjustment-service"
        rep:privileges="{Name}[jcr:modifyProperties]">
        <rep:restrictions
            jcr:primaryType="rep:Restrictions"
            rep:glob="/*/jcr:content"/>
    </allow12>
    <allow13
        jcr:primaryType="rep:GrantACE"
        rep:principalName="reference-adjustment-service"
        rep:privileges="{Name}[jcr:modifyProperties]">
        <rep:restrictions
            jcr:primaryType="rep:Restrictions"
            rep:glob="/*/jcr:content/*"/>
    </allow13>
    <allow14
        jcr:primaryType="rep:GrantACE"
        rep:principalName="design-cache-service"
        rep:privileges="{Name}[jcr:read]"/>
    <allow15
        jcr:primaryType="rep:GrantACE"
        rep:principalName="polling-importer-service"
        rep:privileges="{Name}[jcr:read]"/>
    <allow16
        jcr:primaryType="rep:GrantACE"
        rep:principalName="tag-garbage-collection-service"
        rep:privileges="{Name}[jcr:read,crx:replicate,rep:write]">
        <rep:restrictions
            jcr:primaryType="rep:Restrictions"
            rep:glob="/tags"/>
    </allow16>
    <allow17
        jcr:primaryType="rep:GrantACE"
        rep:principalName="tag-garbage-collection-service"
        rep:privileges="{Name}[jcr:read,crx:replicate,rep:write]">
        <rep:restrictions
            jcr:primaryType="rep:Restrictions"
            rep:glob="/tags/*"/>
    </allow17>
    <allow18
        jcr:primaryType="rep:GrantACE"
        rep:principalName="tag-validation-service"
        rep:privileges="{Name}[jcr:read]">
        <rep:restrictions
            jcr:primaryType="rep:Restrictions"
            rep:glob="/tags"/>
    </allow18>
    <allow19
        jcr:primaryType="rep:GrantACE"
        rep:principalName="tag-validation-service"
        rep:privileges="{Name}[jcr:read]">
        <rep:restrictions
            jcr:primaryType="rep:Restrictions"
            rep:glob="/tags/*"/>
    </allow19>
    <allow20
        jcr:primaryType="rep:GrantACE"
        rep:principalName="offloading-service"
        rep:privileges="{Name}[jcr:read,crx:replicate,rep:write]"/>
    <allow21
        jcr:primaryType="rep:GrantACE"
        rep:principalName="translation-job-service"
        rep:privileges="{Name}[jcr:modifyProperties,jcr:read]"/>
    <allow22
        jcr:primaryType="rep:GrantACE"
        rep:principalName="msm-service"
        rep:privileges="{Name}[jcr:versionManagement,jcr:read,crx:replicate,rep:write,jcr:lockManagement]"/>
    <allow23
        jcr:primaryType="rep:GrantACE"
        rep:principalName="community-site-administrators"
        rep:privileges="{Name}[jcr:read]"/>
    <allow24
        jcr:primaryType="rep:GrantACE"
        rep:principalName="dynamicmedia-config-service"
        rep:privileges="{Name}[jcr:read]"/>
    <allow25
        jcr:primaryType="rep:GrantACE"
        rep:principalName="idsjobprocessor"
        rep:privileges="{Name}[jcr:read]">
        <rep:restrictions
            jcr:primaryType="rep:Restrictions"
            rep:glob="/dam/indesign/scripts/*"/>
    </allow25>
    <allow26
        jcr:primaryType="rep:GrantACE"
        rep:principalName="dam-users"
        rep:privileges="{Name}[jcr:read]">
        <rep:restrictions
            jcr:primaryType="rep:Restrictions"
            rep:glob="/dam/indesign/scripts/*"/>
    </allow26>
    <allow27
        jcr:primaryType="rep:GrantACE"
        rep:principalName="assetlinkshareservice"
        rep:privileges="{Name}[jcr:read]">
        <rep:restrictions
            jcr:primaryType="rep:Restrictions"
            rep:glob="/dam/adhocassetshare/*"/>
    </allow27>
    <allow28
        jcr:primaryType="rep:GrantACE"
        rep:principalName="notification-service"
        rep:privileges="{Name}[jcr:read]">
        <rep:restrictions
            jcr:primaryType="rep:Restrictions"
            rep:glob="/notification/email/default/*"/>
    </allow28>
    <allow29
        jcr:primaryType="rep:GrantACE"
        rep:principalName="dam-replication-service"
        rep:privileges="{Name}[jcr:read,rep:write]">
        <rep:restrictions
            jcr:primaryType="rep:Restrictions"
            rep:glob="/replication/agents*"/>
    </allow29>
    <allow30
        jcr:primaryType="rep:GrantACE"
        rep:principalName="hootsuiteUser"
        rep:privileges="{Name}[jcr:versionManagement,jcr:read,rep:write,jcr:lockManagement]"/>
</jcr:root>
