<?xml version="1.0" encoding="UTF-8"?>
<jcr:root xmlns:crx="http://www.day.com/crx/1.0" xmlns:cq="http://www.day.com/jcr/cq/1.0" xmlns:jcr="http://www.jcp.org/jcr/1.0" xmlns:rep="internal"
    jcr:primaryType="rep:ACL">
    <allow
        jcr:primaryType="rep:GrantACE"
        rep:principalName="content-reader-service"
        rep:privileges="{Name}[jcr:read]"/>
    <allow1
        jcr:primaryType="rep:GrantACE"
        rep:principalName="content-writer-service"
        rep:privileges="{Name}[jcr:versionManagement,jcr:read,rep:write]"/>
    <allow2
        jcr:primaryType="rep:GrantACE"
        rep:principalName="translation-preview-service"
        rep:privileges="{Name}[jcr:versionManagement,jcr:read,rep:write,jcr:lockManagement]"/>
    <allow3
        jcr:primaryType="rep:GrantACE"
        rep:principalName="workflow-process-service"
        rep:privileges="{Name}[jcr:versionManagement,jcr:read,crx:replicate,rep:write,jcr:lockManagement]"/>
    <allow4
        jcr:primaryType="rep:GrantACE"
        rep:principalName="activity-service"
        rep:privileges="{Name}[jcr:addChildNodes,rep:readNodes,jcr:nodeTypeManagement]"/>
    <allow5
        jcr:primaryType="rep:GrantACE"
        rep:principalName="activity-service"
        rep:privileges="{Name}[rep:readProperties]">
        <rep:restrictions
            jcr:primaryType="rep:Restrictions"
            rep:itemNames="{Name}[jcr:primaryType,jcr:uuid]"/>
    </allow5>
    <allow6
        jcr:primaryType="rep:GrantACE"
        rep:principalName="activity-service"
        rep:privileges="{Name}[rep:addProperties]">
        <rep:restrictions
            jcr:primaryType="rep:Restrictions"
            rep:glob="*/activities/sling:resourceType"/>
    </allow6>
    <allow7
        jcr:primaryType="rep:GrantACE"
        rep:principalName="activity-service"
        rep:privileges="{Name}[rep:addProperties]">
        <rep:restrictions
            jcr:primaryType="rep:Restrictions"
            rep:glob="*/activities/*/sling:resourceType"/>
    </allow7>
    <deny8
        jcr:primaryType="rep:DenyACE"
        rep:principalName="everyone"
        rep:privileges="{Name}[jcr:all]">
        <rep:restrictions
            jcr:primaryType="rep:Restrictions"
            rep:ntNames="{Name}[cq:meta]"/>
    </deny8>
    <deny9
        jcr:primaryType="rep:DenyACE"
        rep:principalName="everyone"
        rep:privileges="{Name}[rep:write]">
        <rep:restrictions
            jcr:primaryType="rep:Restrictions"
            rep:glob="/*/cq:target-ambits"/>
    </deny9>
    <deny10
        jcr:primaryType="rep:DenyACE"
        rep:principalName="everyone"
        rep:privileges="{Name}[jcr:all]">
        <rep:restrictions
            jcr:primaryType="rep:Restrictions"
            rep:glob="/*/jcr:content/cq:ActivitySettings"/>
    </deny10>
    <allow11
        jcr:primaryType="rep:GrantACE"
        rep:principalName="msm-service"
        rep:privileges="{Name}[jcr:versionManagement,jcr:read,crx:replicate,rep:write,jcr:lockManagement]"/>
    <allow12
        jcr:primaryType="rep:GrantACE"
        rep:principalName="targetservice"
        rep:privileges="{Name}[jcr:read]"/>
    <allow13
        jcr:primaryType="rep:GrantACE"
        rep:principalName="webservice-support-replication"
        rep:privileges="{Name}[jcr:read,crx:replicate]"/>
    <allow14
        jcr:primaryType="rep:GrantACE"
        rep:principalName="campaign-remote"
        rep:privileges="{Name}[jcr:read]"/>
    <allow15
        jcr:primaryType="rep:GrantACE"
        rep:principalName="statistics-service"
        rep:privileges="{Name}[jcr:read,rep:write]">
        <rep:restrictions
            jcr:primaryType="rep:Restrictions"
            rep:glob="/*/jcr:content"/>
    </allow15>
    <allow16
        jcr:primaryType="rep:GrantACE"
        rep:principalName="statistics-service"
        rep:privileges="{Name}[jcr:read,rep:write]">
        <rep:restrictions
            jcr:primaryType="rep:Restrictions"
            rep:glob="/*/jcr:content/*"/>
    </allow16>
    <allow17
        jcr:primaryType="rep:GrantACE"
        rep:principalName="statistics-service"
        rep:privileges="{Name}[jcr:read,rep:write]">
        <rep:restrictions
            jcr:primaryType="rep:Restrictions"
            rep:ntNames="{Name}[cq:meta]"/>
    </allow17>
    <allow18
        jcr:primaryType="rep:GrantACE"
        rep:principalName="content-authors"
        rep:privileges="{Name}[jcr:versionManagement,crx:replicate,rep:write,jcr:lockManagement]"/>
    <deny19
        jcr:primaryType="rep:DenyACE"
        rep:principalName="content-authors"
        rep:privileges="{Name}[rep:write]">
        <rep:restrictions
            jcr:primaryType="rep:Restrictions"
            rep:ntNames="{Name}[cq:meta]"/>
    </deny19>
    <allow20
        jcr:primaryType="rep:GrantACE"
        rep:principalName="content-authors"
        rep:privileges="{Name}[jcr:read]">
        <rep:restrictions
            jcr:primaryType="rep:Restrictions"
            rep:ntNames="{Name}[cq:meta]"/>
    </allow20>
    <deny21
        jcr:primaryType="rep:DenyACE"
        rep:principalName="content-authors"
        rep:privileges="{Name}[rep:write]">
        <rep:restrictions
            jcr:primaryType="rep:Restrictions"
            rep:glob="/*/cq:target-ambits"/>
    </deny21>
    <allow22
        jcr:primaryType="rep:GrantACE"
        rep:principalName="analytics-administrators"
        rep:privileges="{Name}[rep:write]">
        <rep:restrictions
            jcr:primaryType="rep:Restrictions"
            rep:glob="/*/jcr:content/analytics*"/>
    </allow22>
    <allow23
        jcr:primaryType="rep:GrantACE"
        rep:principalName="analytics-content-updater-service"
        rep:privileges="{Name}[jcr:read]">
        <rep:restrictions
            jcr:primaryType="rep:Restrictions"
            rep:ntNames="{Name}[cq:Page]"/>
    </allow23>
    <allow24
        jcr:primaryType="rep:GrantACE"
        rep:principalName="analytics-content-updater-service"
        rep:privileges="{Name}[jcr:read,rep:write]">
        <rep:restrictions
            jcr:primaryType="rep:Restrictions"
            rep:glob="/*/jcr:content*"/>
    </allow24>
    <allow25
        jcr:primaryType="rep:GrantACE"
        rep:principalName="analytics-content-updater-service"
        rep:privileges="{Name}[jcr:read,rep:write]">
        <rep:restrictions
            jcr:primaryType="rep:Restrictions"
            rep:glob="/*/jcr:content/analytics*"/>
    </allow25>
    <allow26
        jcr:primaryType="rep:GrantACE"
        rep:principalName="reference-adjustment-service"
        rep:privileges="{Name}[jcr:modifyProperties,jcr:read]">
        <rep:restrictions
            jcr:primaryType="rep:Restrictions"
            rep:glob="/*/jcr:content"/>
    </allow26>
    <allow27
        jcr:primaryType="rep:GrantACE"
        rep:principalName="reference-adjustment-service"
        rep:privileges="{Name}[jcr:modifyProperties,jcr:read]">
        <rep:restrictions
            jcr:primaryType="rep:Restrictions"
            rep:glob="/*/jcr:content/*"/>
    </allow27>
    <allow28
        jcr:primaryType="rep:GrantACE"
        rep:principalName="launch-promote-service"
        rep:privileges="{Name}[jcr:versionManagement,jcr:read,crx:replicate,rep:write]"/>
    <allow29
        jcr:primaryType="rep:GrantACE"
        rep:principalName="compat-codeupgrade-service"
        rep:privileges="{Name}[jcr:versionManagement,jcr:modifyAccessControl,jcr:read,jcr:readAccessControl,rep:write]"/>
    <allow30
        jcr:primaryType="rep:GrantACE"
        rep:principalName="tag-validation-service"
        rep:privileges="{Name}[jcr:read,rep:write]">
        <rep:restrictions
            jcr:primaryType="rep:Restrictions"
            rep:glob="/*/cq:tags"/>
    </allow30>
    <allow31
        jcr:primaryType="rep:GrantACE"
        rep:principalName="scene7-asset-service"
        rep:privileges="{Name}[jcr:read,rep:write]"/>
    <allow32
        jcr:primaryType="rep:GrantACE"
        rep:principalName="target-activity-authors"
        rep:privileges="{Name}[jcr:read,rep:write]">
        <rep:restrictions
            jcr:primaryType="rep:Restrictions"
            rep:glob="/*/jcr:content/cq:ActivitySettings"/>
    </allow32>
    <allow33
        jcr:primaryType="rep:GrantACE"
        rep:principalName="target-activity-authors"
        rep:privileges="{Name}[jcr:read,rep:write]">
        <rep:restrictions
            jcr:primaryType="rep:Restrictions"
            rep:glob="/*/jcr:content/cq:ActivitySettings/*"/>
    </allow33>
    <allow34
        jcr:primaryType="rep:GrantACE"
        rep:principalName="targetservice"
        rep:privileges="{Name}[jcr:read,rep:write]">
        <rep:restrictions
            jcr:primaryType="rep:Restrictions"
            rep:glob="/*/jcr:content/cq:ActivitySettings"/>
    </allow34>
    <allow35
        jcr:primaryType="rep:GrantACE"
        rep:principalName="targetservice"
        rep:privileges="{Name}[jcr:read,rep:write]">
        <rep:restrictions
            jcr:primaryType="rep:Restrictions"
            rep:glob="/*/jcr:content/cq:ActivitySettings/*"/>
    </allow35>
    <allow36
        jcr:primaryType="rep:GrantACE"
        rep:principalName="target-administrators"
        rep:privileges="{Name}[rep:write]">
        <rep:restrictions
            jcr:primaryType="rep:Restrictions"
            rep:glob="/*/cq:target-ambits"/>
    </allow36>
    <allow37
        jcr:primaryType="rep:GrantACE"
        rep:principalName="cug-service"
        rep:privileges="{Name}[jcr:modifyAccessControl,jcr:read,jcr:readAccessControl,rep:write]"/>
    <allow38
        jcr:primaryType="rep:GrantACE"
        rep:principalName="offloading-service"
        rep:privileges="{Name}[jcr:read,crx:replicate,rep:write]"/>
    <allow39
        jcr:primaryType="rep:GrantACE"
        rep:principalName="translation-job-service"
        rep:privileges="{Name}[jcr:versionManagement,jcr:read,rep:write]"/>
    <allow40
        jcr:primaryType="rep:GrantACE"
        rep:principalName="communities-ugc-writer"
        rep:privileges="{Name}[jcr:read]"/>
    <allow41
        jcr:primaryType="rep:GrantACE"
        rep:principalName="communities-acl-manager"
        rep:privileges="{Name}[jcr:modifyAccessControl,jcr:read,jcr:readAccessControl,jcr:nodeTypeManagement]"/>
    <allow42
        jcr:primaryType="rep:GrantACE"
        rep:principalName="communities-enablement-property-writer"
        rep:privileges="{Name}[jcr:read]"/>
    <allow43
        jcr:primaryType="rep:GrantACE"
        rep:principalName="community-site-administrators"
        rep:privileges="{Name}[jcr:read]"/>
    <allow44
        jcr:primaryType="rep:GrantACE"
        rep:principalName="community-group-administrators"
        rep:privileges="{Name}[jcr:read]"/>
    <allow45
        jcr:primaryType="rep:GrantACE"
        rep:principalName="reference-processing-service"
        rep:privileges="{Name}[jcr:read,rep:write]">
        <rep:restrictions
            jcr:primaryType="rep:Restrictions"
            rep:glob="/*/jcr:content/*"/>
    </allow45>
    <allow46
        jcr:primaryType="rep:GrantACE"
        rep:principalName="screens-administrators"
        rep:privileges="{Name}[jcr:read]">
        <rep:restrictions
            jcr:primaryType="rep:Restrictions"
            rep:glob=""/>
    </allow46>
    <allow47
        jcr:primaryType="rep:GrantACE"
        rep:principalName="hootsuiteUser"
        rep:privileges="{Name}[jcr:versionManagement,jcr:read,rep:write,jcr:lockManagement]"/>
</jcr:root>
